{
	"modules_left": [
		{
			"name": "minecraft",
			"name_color": 10506797,
			"value_color": 43520,
			"enabled": true,
			"lines": {
				"minecraft": true
			}
		}, 
		{
			"name": "fps",
			"color_high": 5635925,
			"color_med": 16777045,
			"color_low": 16733525,
			"enabled": true,
			"lines": {
				"fps": true
			}
		}, 
		{
			"name": "graphics",
			"name_color": 16755200,
			"value_color": 5636095,
			"enabled": true,
			"lines": {
				"render_distance": true,
				"graphics": true,
				"clouds": true,
				"biome_blend_radius": true,
				"shader": true
			}
		}, 
		{
			"name": "coords",
			"name_color": 16733525,
			"color_x": 16733525,
			"color_y": 5635925,
			"color_z": 5636095,
			"enabled": true,
			"lines": {
				"player_coords": true,
				"block_coords": true,
				"chunk_relative_coords": true,
				"chunk_coords": true
			}
		}, 
		{
			"name": "chunks",
			"name_color": 43775,
			"value_color": 16777045,
			"enabled": true,
			"lines": {
				"chunk_sections": true,
				"chunk_culling": true,
				"pending_chunks": true,
				"pending_uploads": true,
				"available_buffers": true,
				"client_chunk_cache": true,
				"loaded_chunks": true,
				"loaded_chunks_server": true,
				"forceloaded_chunks": true,
				"spawn_chunks": true
			}
		}, 
		{
			"name": "location",
			"name_color": 43520,
			"value_color": 5636095,
			"enabled": true,
			"lines": {
				"dimension": true,
				"facing": true,
				"rotation": true,
				"light": true,
				"light_server": true,
				"highest_block": true,
				"highest_block_server": true,
				"biome": true,
				"local_difficulty": true,
				"days_played": true
			}
		}, 
		{
			"name": "empty",
			"enabled": true,
			"lines": {
				"": true
			}
		}
	],
	"modules_right": [
		{
			"name": "system",
			"name_color": 16755200,
			"value_color": 5636095,
			"enabled": true,
			"lines": {
				"java_version": true,
				"memory_usage": true,
				"allocated_memory": true,
				"cpu": true,
				"display": true,
				"gpu": true,
				"opengl_version": true,
				"gpu_driver": true
			}
		}, 
		{
			"name": "empty",
			"enabled": true,
			"lines": {
				"": true
			}
		}, 
		{
			"name": "target",
			"name_color": 43775,
			"value_color": 16777045,
			"enabled": true,
			"lines": {
				"targeted_block": true,
				"id_block": true,
				"block_states": true,
				"block_tags": true,
				"": true,
				"targeted_fluid": true,
				"id_fluid": true,
				"fluid_states": true,
				"fluid_tags": true,
				"targeted_entity": true
			}
		}
	],
	"general": {
		"disable_mod": false,
		"space_modules": true,
		"shadow_text": true,
		"animations": true,
		"animationSpeed": 1.0,
		"fontScale": 1.0,
		"background_color": 1867534416
	}
}