{
  "grid.config.colorblock": {
    "key": "Block color",
    "toolTip": "grid.config.tt.colorblock",
    "value": {
      "red": 128,
      "green": 128,
      "blue": 255,
      "type": "ConfigurationTrueColor"
    },
    "defaultValue": 8421631,
    "minValue": 0,
    "maxValue": 16777215
  },
  "grid.config.colorspawnday": {
    "key": "Everytime spawn color",
    "toolTip": "grid.config.tt.colorspawnday",
    "value": {
      "red": 255,
      "green": 0,
      "blue": 0,
      "type": "ConfigurationTrueColor"
    },
    "defaultValue": 16711680,
    "minValue": 0,
    "maxValue": 16777215
  },
  "grid.config.colorspawnnight": {
    "key": "Night spawn color",
    "toolTip": "grid.config.tt.colorspawnnight",
    "value": {
      "red": 255,
      "green": 255,
      "blue": 0,
      "type": "ConfigurationTrueColor"
    },
    "defaultValue": 16776960,
    "minValue": 0,
    "maxValue": 16777215
  },
  "grid.config.colorcircle": {
    "key": "Circle color",
    "toolTip": "grid.config.tt.colorcircle",
    "value": {
      "red": 0,
      "green": 228,
      "blue": 128,
      "type": "ConfigurationTrueColor"
    },
    "defaultValue": 58496,
    "minValue": 0,
    "maxValue": 16777215
  },
  "grid.config.colorbiome": {
    "key": "Biome marker color",
    "toolTip": "grid.config.tt.colorbiome",
    "value": {
      "red": 255,
      "green": 0,
      "blue": 255,
      "type": "ConfigurationTrueColor"
    },
    "defaultValue": 16711935,
    "minValue": 0,
    "maxValue": 16777215
  },
  "grid.config.colorline": {
    "key": "Line color",
    "toolTip": "grid.config.tt.colorline",
    "value": {
      "red": 255,
      "green": 128,
      "blue": 0,
      "type": "ConfigurationTrueColor"
    },
    "defaultValue": 16744448,
    "minValue": 0,
    "maxValue": 16777215
  },
  "grid.config.usecache": {
    "key": "Use biome / spawn cache",
    "toolTip": "grid.config.tt.usecache",
    "value": true,
    "defaultValue": true
  }
}