{
  "maxLines": 8,
  "maxLineLength": 48,
  "respectHideFlags": true,
  "lineHeight": 8,
  "offsetPerExtraLine": 0.3334,
  "baseFadeDuration": 2.0,
  "fadeDurationPerExtraLine": 0.2,
  "showName": true,
  "showEnchantments": true,
  "showPotionEffects": true,
  "showContainerContent": true,
  "showFireworkAttributes": true,
  "showCommandBlockInfo": true,
  "maxCommandLines": 2,
  "showBeehiveContent": true,
  "showLore": true,
  "maxLoreLines": 3,
  "removePlusNbt": true,
  "showUnbreakable": true,
  "showSignText": true,
  "showMusicDiscDescription": true,
  "showBookMeta": true,
  "showPatternName": true,
  "showFishInBucket": true,
  "showOnlyFilteredEnchants": false,
  "filteredEnchants": [],
  "filteredEnchantIds": []
}